0	[PK][MN] Trainer	Entrenador
1	[PK][MN] Trainer	Entrenador
2	The Great	
3	BCPD Captain	
4	Best Friend	
5	SUPER Cool	
6	Hive Cultist	
7	Greedy Jerk	
8	Moon Child	
9	Moon Father	
10	GreatTrainer	
11	Enforcer	
12	Odd Fellow	
13	Transcended	
14	Channeler	
15	Ghost	
16	Black Belt	Karateka
17	Hive Vassal	
18	Cave Person	
19	Vampire	
20	Ruffian	
21	Psychic	Médium
22	Gentleman	Caballero
23	Leader	
24	Leader	Líder
25	Castaway	
26	A Terrifying	
27	Hex Maniac	
28	Veteran	
29	Youngster	Joven
30	Champion	Campeón
31	Feral Woman	
32	Feral Man	
33	Scavenger	
34	This is it…	
35	Plant? Girl?	
36	Quondam	
37	Ex-Champion	
38	Elite Four	
39	Countess of	
40	Doctor	
41	Sailor	Marinero
42	Scientist	
43	The Emperor	
44	[PK][MN] Trainer	Entrenador
45	[PK][MN] TRAINER	
46	Saint of Sin	
47	Shaman Tham	
48	Shaman	
49	Ghost of the	
50	Ghost Pirate	
51	Sand Servant	
52	Outlaw	
53	Countess	
54	Doctore	
55	Officer	
56	Ace Trainer	
57	Youngster	Joven
58	Bug Cultist	
59	Lass	Chica
60	Sailor	Marinero
61	Sketchy Guy	
62	Sketchy Girl	
63	Burnout	
64	Freak	
65	Puppet	
66	Plaything	
67	Devil Doll	
68	Lost Lamb	
69	Fisherman	Pescador
70	A New	
71	BC Trooper	
72	Gamer	Jugón
73	Weird Lady	
74	[PK][MN] Trainer	
75	Psycho	
76	Gardener	
77	Kangaskhan	
78	Virus	
79	Beastmaster	
80	Black Belt	Karateka
81	Rival	Rival
82	Scientist	Científico
83	Boss	Jefe
84	Leader	Líder
85	Bug Cultist	
86	Bug Cultist	
87	Elite Four	Alto Mando
88	Gentleman	Caballero
89	Your	
90	Champion	Campeón
91	Channeler	Exorcista
92	Contender	
93	BURIEDALIVE	
94	AI Assistant	
95	Demon Woman	
96	Jobber	
97	Pkmn Prof.	
98	Player	Jugador
99	Hell Priest	
100	Cave Chief	
101	Horrid Fiend	
102	[PK][MN] Ranger	Pokéguarda
103	Swamp Shade	
104	Minotauros	
105	Lady	Damisela
106	CYBER G0D	
