0	-------	(?)
1	Stench	Hedor
2	Drizzle	Llovizna
3	Speed Boost	Impulso
4	Battle Armor	Armad. Bat.
5	Sturdy	Robustez
6	Damp	Humedad
7	Limber	Flexibilidad
8	Sand Veil	Velo Arena
9	Static	Elec. Estát.
10	Volt Absorb	Absor. Elec.
11	Water Absorb	Absor. Agua
12	Oblivious	Despiste
13	Cloud Nine	Aclimatación
14	Compoundeyes	Ojocompuesto
15	Insomnia	Insomnio
16	Color Change	Cambio Color
17	Immunity	Inmunidad
18	Flash Fire	Absor. Fuego
19	Shield Dust	Polvo Escudo
20	Own Tempo	Ritmo Propio
21	Suction Cups	Ventosas
22	Intimidate	Intimidación
23	Shadow Tag	Sombratrampa
24	Rough Skin	Piel Tosca
25	Wonder Guard	Superguarda.
26	Levitate	Levitación
27	Effect Spore	Efec. Espora
28	Synchronize	Sincronía
29	Clear Body	Cuerpo Puro
30	Natural Cure	Cura Natural
31	Lightningrod	Pararrayos
32	Serene Grace	Dicha
33	Swift Swim	Nado Rápido
34	Chlorophyll	Clorofila
35	Illuminate	Iluminación
36	Trace	Rastro
37	Huge Power	Potencia
38	Poison Point	Punto Tóxico
39	Inner Focus	Foco Interno
40	Magma Armor	Escudo Magma
41	Water Veil	Velo Agua
42	Magnet Pull	Imán
43	Soundproof	Insonorizar
44	Rain Dish	Cura Lluvia
45	Sand Stream	Chorro Arena
46	Pressure	Presión
47	Thick Fat	Sebo
48	Early Bird	Madrugar
49	Flame Body	Cuerpo Llama
50	Run Away	Fuga
51	Keen Eye	Vista Lince
52	Hyper Cutter	Corte Fuerte
53	Pickup	Recogida
54	Truant	Ausente
55	Hustle	Entusiasmo
56	Cute Charm	Gran Encanto
57	Plus	Más
58	Minus	Menos
59	Forecast	Predicción
60	Sticky Hold	Viscosidad
61	Shed Skin	Mudar
62	Guts	Agallas
63	Sorrow Shell	
64	Liquid Ooze	Lodo Líquido
65	Overgrow	Espesura
66	Blaze	Mar Llamas
67	Torrent	Torrente
68	Swarm	Enjambre
69	Rock Head	Cabeza Roca
70	Drought	Sequía
71	Arena Trap	Trampa Arena
72	Vital Spirit	Espír. Vital
73	White Smoke	Humo Blanco
74	Pure Power	Energía Pura
75	Shell Armor	Caparazón
76	Cacophony	Cacofonía
77	Air Lock	Bucle Aire
78	-------	
79	Skill Link	
80	Motor Drive	
81	ShadowShield	
82	Technician	
83	Scrappy	
84	Super Luck	
85	Sniper	
86	Regenerator	
87	Prankster	
88	Adaptability	
89	Big Pecks	
90	Magic Bounce	
91	Reckless	
92	Sheer Force	
93	Iron Fist	
94	Rivalry	
95	Sand Force	
96	Solar Power	
97	Heatproof	
98	Dry Skin	
99	Tinted Lens	
100	Solid Rock	
101	Filter	
102	Infiltrator	
103	Download	
104	Poison Heal	
105	Ice Body	
106	Unstable	
107	Hydration	
108	Healer	
109	Snow Cloak	
110	Tangled Feet	
111	Cold Front	
112	Quick Feet	
113	Sap Sipper	
114	Overcoat	
115	Magic Guard	
116	Bulletproof	
117	Gale Wings	
118	Moxie	
119	Aftermath	
120	Cursed Body	
121	Gooey	
122	Mummy	
123	Iron Barbs	
124	Sand Rush	
125	Analytic	
126	No Guard	
127	Mega LauncherTough Claws	
128	Tough Claws	
129	Strong Jaw	
130	Victory Star	
131	Storm Drain	
132	Dark Aura	
133	Fairy Aura	
134	Aura Break	
135	Refrigerate	
136	Pixilate	
137	Aerilate	
138	Normalize	
139	-------	
140	-------	
141	-------	
142	-------	
143	-------	
144	-------	
145	-------	
146	-------	
147	-------	
148	-------	
149	-------	
150	-------	
151	-------	
152	-------	
153	-------	
154	-------	
155	-------	
