0	????????	????????
1	Master Ball	Master Ball
2	Ghost Ball	
3	Great Ball	Super Ball
4	Poké Ball	Poké Ball
5	Safari Ball	Safari Ball
6	Net Ball	Malla Ball
7	Dive Ball	Buceo Ball
8	Nest Ball	Nido Ball
9	Repeat Ball	Acopio Ball
10	Timer Ball	Turno Ball
11	Luxury Ball	Lujo Ball
12	Premier Ball	Honor Ball
13	RageCandyBar	
14	Toothbrush	
15	IceCream Bar	
16	Hot Cocoa	
17	SourPatchBag	
18	Kit Kat Bar	
19	Gansito	
20	Besan Laddu	
21	Cookie Time	
22	Mars Bar	
23	Jelly Donut	
24	Zebra Cake	
25	Moon Cake	
26	Choco Cereal	
27	Alfajores	
28	Ahoj Brause	
29	Basbousa	
30	Beer	
31	Four Loko	
32	Gin	
33	Wild Turkey	
34	Churros	
35	Dream Bar	
36	Pepero	
37	Freddo!	
38	Pumkin Pie	
39	Blue Flute	Flauta Azul
40	BoulderBadge	
41	CascadeBadge	
42	Black Flute	Flauta Negra
43	White Flute	Fl. Blanca
44	Berry Juice	Zumo de Baya
45	7-Up	
46	Shoal Salt	Sal Cardumen
47	Star Stone	
48	Red Shard	Parte Roja
49	Rock	
50	Yellow Shard	P. Amarilla
51	Loose Gem	
52	????????	????????
53	????????	????????
54	????????	????????
55	????????	????????
56	????????	????????
57	????????	????????
58	????????	????????
59	????????	????????
60	????????	????????
61	????????	????????
62	Coffee Crisp	
63	HP Up	Más PS
64	Protein	Proteína
65	Iron	Hierro
66	Carbos	Carburante
67	Calcium	Calcio
68	Rare Candie	
69	PP Up	Más PP
70	Zinc	Zinc
71	Taurosterone	
72	????????	????????
73	Vape	
74	HGH 10iu	
75	Trenobolone	
76	Ostarine 5mg	
77	Ozempic 8mg	
78	Adderall 5mg	
79	Percocet 5mg	
80	Junko Slop	
81	Fluffy Tail	Cola Skitty
82	????????	????????
83	Super Repel	Superrepel
84	Max Repel	Máx. Repel
85	Escape Rope	Cuerda Huida
86	Ghost-B-Gone	
87	????????	????????
88	????????	????????
89	????????	????????
90	????????	????????
91	????????	????????
92	????????	????????
93	Sun Stone	Piedra Solar
94	Moon Stone	Piedra Lunar
95	AvariceStone	
96	Dusk Stone	
97	Abyss Stone	
98	HarvestStone	
99	????????	????????
100	????????	????????
101	????????	????????
102	????????	????????
103	Tiny Mushroom	Mini Seta
104	Big Mushroom	Seta Grande
105	????????	????????
106	Blood Bag	
107	Liver	
108	Wallet	
109	Gold Tooth	
110	Kidney	
111	Heart Scale	Esc. Corazón
112	????????	????????
113	????????	????????
114	????????	????????
115	????????	????????
116	????????	????????
117	????????	????????
118	????????	????????
119	????????	????????
120	????????	????????
121	Orange Mail	Car. Naranja
122	Harbor Mail	Carta Puerto
123	Glitter Mail	Carta Brillo
124	Mech Mail	Carta Imán
125	Wood Mail	Carta Madera
126	Wave Mail	Carta Ola
127	Bead Mail	Carta Imagen
128	Shadow Mail	Carta Sombra
129	Tropic Mail	Car. Tropic.
130	Dream Mail	Carta Sueño
131	Fab Mail	Carta Fab.
132	Retro Mail	Carta Retro.
133	Caramel Cube	
134	Ghost Peep	
135	BlkLicorice	
136	Taffy	
137	Rokaleta	
138	Macaron	
139	Candy Corn	
140	Snickers	
141	M&M	
142	Chocosongi	
143	Dino-Sour	
144	Jaffa	
145	Reese’s	
146	Cherry Mash	
147	Iapapa Berry	Baya Pabaya
148	Razz Berry	Baya Frambu
149	Bluk Berry	Baya Oram
150	Nanab Berry	Baya Latano
151	Wepear Berry	Baya Peragu
152	Pinap Berry	Baya Pinia
153	Pomeg Berry	Baya Grana
154	Kelpsy Berry	Baya Algama
155	Qualot Berry	Baya Ispero
156	Hondew Berry	Baya Meluce
157	Grepa Berry	Baya Uvav
158	Tamato Berry	Baya Tamate
159	Cornn Berry	Baya Mais
160	Magost Berry	Baya Aostan
161	Rabuta Berry	Baya Rautan
162	Nomel Berry	Baya Monli
163	Spelon Berry	Baya Wikano
164	Pumkin Berry	
165	Watmel Berry	Baya Sambia
166	Durin Berry	Baya Rudion
167	Belue Berry	Baya Andano
168	Gummy Bear	
169	Tootsie Pop	
170	Swedish Fish	
171	Beijinho	
172	Jelly Baby	
173	Choco Coin	
174	Shaqalicious	
175	Enigma Berry	Baya Enigma
176	????????	????????
177	????????	????????
178	????????	????????
179	UnstableAtom	
180	Celidon Herb	
181	Macho Brace	Vestidura
182	Exp. Share	Repartir Exp
183	Quick Claw	Garra Rápida
184	Boo Bell	
185	Mental Herb	Hier. Mental
186	Choice Band	Cin. Elegida
187	King’s Rock	Roca del Rey
188	Great Web	
189	Amulet Coin	Mon. Amuleto
190	Cleanse Tag	Amuleto
191	Soul Dew	Rocío Bondad
192	Deep Sea Tooth	Diente Mar.
193	Deep Sea Scale	Escama Mar.
194	Smoke Ball	Bola Humo
195	Everstone	Piedraeterna
196	Devil’s Deal	
197	Kinder Egg	
198	Truck Nutz	
199	Iron Nail	
200	Rotten Food	
201	Dragon Scale	Escamadragón
202	Light Ball	Bolaluminosa
203	Soft Sand	Arena Fina
204	Hard Stone	Piedra Dura
205	Pesticide	
206	Cool Glasses	
207	Black Belt	Cint. Negro
208	Mod Chip	
209	Mystic Water	Agua Mística
210	Pidgey Plume	
211	Toxic Shroom	
212	FrozenCorpse	
213	JackoLantern	
214	Twisted Spoon	Cuchara Tor
215	Charcoal	Carbón
216	Dragon Fang	Colmillodrag
217	Knitted Hat	
218	Up-Grade	Mejora
219	Half Locket	
220	Sea Incense	Incie. Mar.
221	Lax Incense	Incie. Suave
222	ducky Punch	
223	Metal Powder	Pol.metálico
224	Thick Club	Hueso Grueso
225	Stick	Palo
226	Choice Specs	
227	Choice Scarf	
228	Life Orb	
229	Revenge Mask	
230	Black Sludge	
231	Assault Vest	
232	Eviolite	
233	????????	????????
234	????????	????????
235	????????	????????
236	????????	????????
237	????????	????????
238	????????	????????
239	????????	????????
240	????????	????????
241	????????	????????
242	????????	????????
243	????????	????????
244	????????	????????
245	????????	????????
246	????????	????????
247	????????	????????
248	????????	????????
249	????????	????????
250	????????	????????
251	????????	????????
252	????????	????????
253	????????	????????
254	Cannonball	
255	Blue Scarf	Pañuelo Azul
256	Pink Scarf	Pañuelo Rosa
257	Green Scarf	Pañ. Verde
258	Yellow Scarf	P. Amarillo
259	Mach Bike	Bici Carrera
260	Coin Case	Monedero
261	Itemfinder	Buscaobjetos
262	Old Rod	Caña Vieja
263	Good Rod	Caña Buena
264	Bad Rod	
265	S.S. Ticket	Ticket Barco
266	Fairy Bow	
267	????????	????????
268	Wailmer Pail	Cubo Wailmer
269	Hand Mixer	
270	Bone Brush	
271	Bottle Cap	
272	Rusty Drive	
